{
  "epoch": [
    0,
    1,
    2,
    3,
    4,
    5
  ],
  "train_loss": [
    4.535526904192838,
    4.556456879302338,
    4.5059088693632114,
    4.376494664412278,
    4.410087093606696,
    4.492827163709627
  ],
  "train_kl": [
    5.962086912635323,
    7.010107797342581,
    6.317913662303578,
    4.947193440857467,
    4.134011982204197,
    3.552319003151847
  ],
  "train_recon": [
    4.53552691779145,
    4.486355813754188,
    4.379550626748926,
    4.228078868214067,
    4.244726604462921,
    4.315211210373815
  ],
  "val_loss": [
    4.740120040045844,
    5.130564106835259,
    6.0074304474724665,
    5.775743510988024,
    5.067737420399983,
    5.315091424518162
  ],
  "val_kl": [
    21.121018171310425,
    14.834835184945,
    14.557650009791056,
    17.894029246436226,
    7.18636687596639,
    7.220393035146925
  ],
  "val_recon": [
    4.740120106687148,
    4.982215720746252,
    5.71627744494213,
    5.238922729260391,
    4.780282769559158,
    4.954071789979935
  ],
  "beta": [
    0.0,
    0.010000000000000002,
    0.020000000000000004,
    0.03,
    0.04000000000000001,
    0.05
  ],
  "lr": [
    0.001,
    0.001,
    0.001,
    0.001,
    0.001,
    0.001
  ]
}