{
  "epoch": [
    0,
    1,
    2,
    3,
    4,
    5,
    6,
    7,
    8,
    9,
    10,
    11,
    12,
    13,
    14,
    15,
    16,
    17,
    18,
    19,
    20,
    21,
    22
  ],
  "train_loss": [
    4.495750661849976,
    4.1307896099090575,
    4.067810899734497,
    3.9754619674682616,
    3.9366349277496337,
    3.8901621189117432,
    3.8838395442962645,
    3.786354953765869,
    3.725881076812744,
    3.626921792984009,
    3.626419120788574,
    3.576263910293579,
    3.5744259395599367,
    3.5560483169555663,
    3.5753211231231687,
    3.551011173248291,
    3.5816168632507326,
    3.557700443267822,
    3.6214403743743895,
    3.5865382766723632,
    3.608434160232544,
    3.612668327331543,
    3.6430408725738523
  ],
  "train_kl": [
    11.275335063934326,
    6.115783487319947,
    3.094332218170166,
    2.5273288764953614,
    2.190851481437683,
    1.9859376459121705,
    1.8789552335739135,
    1.8769925212860108,
    1.8484237031936646,
    1.8168784532546998,
    1.759041298866272,
    1.744246190071106,
    1.6620822620391846,
    1.6372313833236694,
    1.5653110790252684,
    1.5266442432403564,
    1.4857541484832764,
    1.4282414932250977,
    1.3637755994796752,
    1.3263458080291748,
    1.2983093004226685,
    1.2544701833724976,
    1.2291943964958192
  ],
  "train_recon": [
    4.4957506714761255,
    4.008473943606019,
    3.944037608385086,
    3.8238222326487303,
    3.761366814136505,
    3.691568356320262,
    3.658364931330085,
    3.523576013162732,
    3.4301332798153163,
    3.299883642911911,
    3.2746108744740487,
    3.1925297528505325,
    3.1755262042880057,
    3.1303682025521993,
    3.1370340266227723,
    3.093017891511321,
    3.106175545245409,
    3.0720983253121377,
    3.130481120094657,
    3.0825268402248622,
    3.0891104453653098,
    3.0857908792197706,
    3.102195364803076
  ],
  "val_loss": [
    25718.324661661078,
    5.8297880137408224,
    5.800451985111943,
    6.791406808076082,
    6.034824989460133,
    5.968479951222737,
    6.909299144038448,
    5.888634240185773,
    6.693914907949942,
    6.50350464714898,
    6.600305186377631,
    7.344502643302635,
    6.09655957751804,
    6.542148395820901,
    6.801873295395462,
    6.982693778143989,
    6.502941767374675,
    6.983018398284912,
    6.327420676196063,
    6.582335048251682,
    6.922641842453568,
    6.253365287074336,
    5.964459913748282
  ],
  "val_kl": [
    143.31925144901982,
    14.550835997970015,
    7.259165154563056,
    6.681315086506031,
    3.689554293950399,
    3.180650075276693,
    3.362255427572462,
    3.0283702832681163,
    2.553904334704081,
    2.6154213922995107,
    2.776354087723626,
    2.668041392608925,
    2.323315836765148,
    2.4154122979552657,
    2.3161638666082314,
    2.2489048419175326,
    2.1060189229470714,
    2.2125231380815857,
    2.0139666751579,
    1.8881082623093217,
    2.0566258607087313,
    1.8369908332824707,
    1.6014684173795912
  ],
  "val_recon": [
    25718.32746432363,
    5.538771217757905,
    5.510085308303435,
    6.3905279482542365,
    5.7396606561486365,
    5.65041490699406,
    6.505828599549002,
    5.464662388381031,
    6.285290200263262,
    6.032728711833005,
    6.045034449271582,
    6.7575336437396425,
    5.538963788430448,
    5.914141159780599,
    6.153347409019868,
    6.308022219135806,
    5.829015743263342,
    6.230760618285449,
    5.602392698051752,
    5.864853929314348,
    6.099991477749966,
    5.4818292838279845,
    5.259813748507036
  ],
  "beta": [
    0.0,
    0.02,
    0.04,
    0.06,
    0.08,
    0.1,
    0.12,
    0.14,
    0.16,
    0.18,
    0.2,
    0.22,
    0.24,
    0.26,
    0.28,
    0.3,
    0.32,
    0.34,
    0.36,
    0.38,
    0.4,
    0.42,
    0.44
  ],
  "lr": [
    0.001,
    0.001,
    0.001,
    0.001,
    0.001,
    0.001,
    0.001,
    0.001,
    0.0005,
    0.0005,
    0.0005,
    0.0005,
    0.0005,
    0.0005,
    0.00025,
    0.00025,
    0.00025,
    0.00025,
    0.00025,
    0.00025,
    0.000125,
    0.000125,
    0.000125
  ]
}