{
  "epoch": [
    0
  ],
  "train_loss": [
    4.376855375049831
  ],
  "train_kl": [
    14.253381335651959
  ],
  "train_recon": [
    4.376855376847349
  ],
  "val_loss": [
    5.5741292635599775
  ],
  "val_kl": [
    127.08650965160794
  ],
  "val_recon": [
    5.574129286946522
  ],
  "beta": [
    0.0
  ],
  "lr": [
    0.001
  ]
}